{
    "accuracy": 0.8478260869565217,
    "roc": 0.8480629539951574
}